lw,zww,znw,bez,per,bvn,vz,kww,vra,hww,wed,brt,bht,aan,oht,voe,wederkerig,ort,restpv,bijw,bwg,nnb
de,loop,boek,mijn,ik,populaire,van,,Wie,heeft,me,tweede,vier,Deze,Veel,en,elkaar,laatste,toe,Hoeveel,zeer,
het,koopt,brood,Mijn,Zij,omroep,in,,wat,moesten,zich,eerste,twee,Dit,Sommige,,elkander,17e,af,onlangs,typisch,
een,loopt,bakker,Onze,Ik,publieke,met,,welke,kon,zichzelf,,beide,Zo'n,allerlei,,,,,,,
Het,liep,vader,Ons,je,rode,op,,wie,is,,,Drie,dat,veel,,,,,,,
De,danst,moeder,onze,Hij,liberale,onder,,,hebben,,,twintigduizend,deze,Alle,,,,,,,
Een,viel,kat,haar,hij,verse,boven,,,gaan,,,miljoen,die,meerdere,,,,,,,
t,verkoopt,laptop,hun,zij,beschadigde,naar,,,gaat,,,drie,dit,Verschillende,,,,,,,
t,werkt,ijscoman,Jouw,mij,Nederlandse,uit,,,kunnen,,,miljoenen,Dat,sommige,,,,,,,
,verdeelt,computerprogrmma,jouw,jou,kleine,te,,,moest,,,miljarden,,verschillende,,,,,,,
,bakt,weduwnaar,Uw,Je,boze,mee,,,zijn,,,,,alle,,,,,,,
,restaureerde,televisieprogramma,Zijn,hem,oude,zonder,,,hadden,,,,,,,,,,,,
,juichten,presentator,uw,Hem,onderkoelde,voor,,,willen,,,,,,,,,,,,
,krijst,vragen,ons,Haar,vermoeide,over,,,zullen,,,,,,,,,,,,
,mopperde,schiereiland,Hun,Jullie,enthousiaste,Aan,,,zal,,,,,,,,,,,,
,gesnurkt,bewoners,,Mij,gearresteerde,,,,kan,,,,,,,,,,,,
,snuift,zanger,,,monumentale,,,,wilde,,,,,,,,,,,,
,gescoord,dokter,,,teleurgestelde,,,,wilden,,,,,,,,,,,,
,daalt,zusje,,,jonge,,,,laten,,,,,,,,,,,,
,gegroeid,huwelijk,,,volle,,,,proberen,,,,,,,,,,,,
,vertrokken,assistente,,,beste,,,,schijnen,,,,,,,,,,,,
,geland,bijlesleraar,,,mooie,,,,heb,,,,,,,,,,,,
,gepauzeerd,vrachtwagen,,,favoriete,,,,wil,,,,,,,,,,,,
,smelten,bestuurder,,,luide,,,,probeerde,,,,,,,,,,,,
,gestegen,partij,,,verlegen,,,,moet,,,,,,,,,,,,
,klemt,politicus,,,tevreden,,,,,,,,,,,,,,,,
,mislukt,woordenboek,,,ontevreden,,,,,,,,,,,,,,,,
,wiebelt,houding,,,luxe,,,,,,,,,,,,,,,,
,zwemmen,definities,,,gigantische,,,,,,,,,,,,,,,,
,uitgegleden,examen,,,vasgevroren,,,,,,,,,,,,,,,,
,geklaagd,moeiljikheidsgraad,,,vastgevroren,,,,,,,,,,,,,,,,
,zeurt,broodjes,,,gouden,,,,,,,,,,,,,,,,
,stotterde,salontafel,,,hypermoderne,,,,,,,,,,,,,,,,
,bibberden,supporters,,,toeschouwers,,,,,,,,,,,,,,,,
,rusten,gymdocent,,,papieren,,,,,,,,,,,,,,,,
,gezwaaid,camping,,,wereldberoemde,,,,,,,,,,,,,,,,
,gelogen,stier,,,verontwaardigde,,,,,,,,,,,,,,,,
,applaudisseerde,Barcelona,,,spannende,,,,,,,,,,,,,,,,
,ontsnappen,vliegtuig,,,geïnteresseerde,,,,,,,,,,,,,,,,
,stortte,neefje,,,Brzailiaanse,,,,,,,,,,,,,,,,
,probeerden,Parijs,,,meegereisde,,,,,,,,,,,,,,,,
,afgekeken,koningin,,,onvermoeibare,,,,,,,,,,,,,,,,
,jeukt,wegwerkers,,,weergaloze,,,,,,,,,,,,,,,,
,gillen,ijsjes,,,oudste,,,,,,,,,,,,,,,,
,rijmen,treinkaartjes,,,pasgeboren,,,,,,,,,,,,,,,,
,gewerkt,slaapkamer,,,saaie,,,,,,,,,,,,,,,,
,lunchen,plannetje,,,krakkemikkige,,,,,,,,,,,,,,,,
,balen,stoel,,,misselijke,,,,,,,,,,,,,,,,
,stoeien,groep,,,schitterende,,,,,,,,,,,,,,,,
,voorgedrongen,vrouw,,,Nederlands,,,,,,,,,,,,,,,,
,hardgelopen,campinggasten,,,ijverige,,,,,,,,,,,,,,,,
,skiën,zwemmers,,,alerte,,,,,,,,,,,,,,,,
,gromt,buurman,,,uitzinnige,,,,,,,,,,,,,,,,
,gegaloppeerd,verdediger,,,geweldige,,,,,,,,,,,,,,,,
,uitgegaan,trein,,,speciale,,,,,,,,,,,,,,,,
,scharrelen,prijs,,,speciaal,,,,,,,,,,,,,,,,
,steken,deur,,,bijzondere,,,,,,,,,,,,,,,,
,verdronken,kinderen,,,nieuwe,,,,,,,,,,,,,,,,
,zoemen,man,,,enorme,,,,,,,,,,,,,,,,
,opgetreden,publiek,,,winnende,,,,,,,,,,,,,,,,
,ritselt,recordpoging,,,online,,,,,,,,,,,,,,,,
,gestopt,gevangenen,,,vervelende,,,,,,,,,,,,,,,,
,versleten,toren,,,nieuw,,,,,,,,,,,,,,,,
,geknutseld,eindexamenkandidaat,,,Italiaanse,,,,,,,,,,,,,,,,
,trilde,rondvaartboot,,,eigen,,,,,,,,,,,,,,,,
,gegrijnsd,rechterbeen,,,onvoorzichtige,,,,,,,,,,,,,,,,
,glimlacht,tieneridool,,,jeugdige,,,,,,,,,,,,,,,,
,moppert,zinnen,,,nationale,,,,,,,,,,,,,,,,
,sputterde,grootouders,,,gestolen,,,,,,,,,,,,,,,,
,gestruikeld,ziekenhuis,,,Nederlanders,,,,,,,,,,,,,,,,
,uitrusten,fans,,,Olympische,,,,,,,,,,,,,,,,
,gezonken,werknemers,,,zilveren,,,,,,,,,,,,,,,,
,vastgelopen,vosjes,,,ervaren,,,,,,,,,,,,,,,,
,uitgeleend,winkelmandje,,,grote,,,,,,,,,,,,,,,,
,uitgestorven,conditietrainer,,,omvangrijke,,,,,,,,,,,,,,,,
,uitgedroogd,vriend,,,beetje,,,,,,,,,,,,,,,,
,overleden,hond,,,spelende,,,,,,,,,,,,,,,,
,gejuicht,springruiter,,,ontsnapte,,,,,,,,,,,,,,,,
,huilt,kampvuur,,,lange,,,,,,,,,,,,,,,,
,opgestegen,tuin,,,getalenterde,,,,,,,,,,,,,,,,
,geschenen,insectensoorten,,,hoogste,,,,,,,,,,,,,,,,
,geluisterd,kalfje,,,fijne,,,,,,,,,,,,,,,,
,verdwenen,kamer,,,dure,,,,,,,,,,,,,,,,
,zweeft,band,,,Chinese,,,,,,,,,,,,,,,,
,kraakt,krant,,,Groene,,,,,,,,,,,,,,,,
,gestaakt,paard,,,geneeskrachtige,,,,,,,,,,,,,,,,
,demonstreren,kippen,,,gekantelde,,,,,,,,,,,,,,,,
,gedemonstreerd,muziek,,,medisch,,,,,,,,,,,,,,,,
,gedraaid,lievelingsbroek,,,vliegende,,,,,,,,,,,,,,,,
,bloeien,meisje,,,chemische,,,,,,,,,,,,,,,,
,afgelopen,zwaan,,,gevangengenomen,,,,,,,,,,,,,,,,
,gespiekt,werknemer,,,aanstaande,,,,,,,,,,,,,,,,
,gedaald,baby'tje,,,omsingelde,,,,,,,,,,,,,,,,
,tegengevallen,cafébaas,,,succesvolle,,,,,,,,,,,,,,,,
,slaapt,boot,,,goed,,,,,,,,,,,,,,,,
,staken,marathonloper,,,nieuwsgierige,,,,,,,,,,,,,,,,
,gesloten,atleet,,,corrupte,,,,,,,,,,,,,,,,
,baalden,vissersboot,,,groot,,,,,,,,,,,,,,,,
,wandelt,muggen,,,antieke,,,,,,,,,,,,,,,,
,fietst,motor,,,vergeetachtige,,,,,,,,,,,,,,,,
,rende,cruiseschip,,,buitenlandse,,,,,,,,,,,,,,,,
,gedanst,dodo,,,goede,,,,,,,,,,,,,,,,
,studeert,vensterbank,,,gezakte,,,,,,,,,,,,,,,,
,miauwt,oma,,,slimme,,,,,,,,,,,,,,,,
,gezwommen,medaille,,,beter,,,,,,,,,,,,,,,,
,spelen,wolven,,,Verliefde,,,,,,,,,,,,,,,,
,vergaderd,broertje,,,trotse,,,,,,,,,,,,,,,,
,overgegeven,traumahelikopter,,,opgehaalde,,,,,,,,,,,,,,,,
,zinken,blusvliegtuigje,,,geliefde,,,,,,,,,,,,,,,,
,genieten,zon,,,prachtig,,,,,,,,,,,,,,,,
,springt,oom,,,Dik,,,,,,,,,,,,,,,,
,verdwaald,vliegtuigje,,,betere,,,,,,,,,,,,,,,,
,aait,violiste,,,Oplettende,,,,,,,,,,,,,,,,
,bezoekt,trap,,,schokkende,,,,,,,,,,,,,,,,
,gezongen,zolderraampje,,,gratis,,,,,,,,,,,,,,,,
,ving,reinigingsdienst,,,fikse,,,,,,,,,,,,,,,,
,kuste,mijnwerkers,,,arme,,,,,,,,,,,,,,,,
,waste,basisschooldocenten,,,dappere,,,,,,,,,,,,,,,,
,stopte,windrichting,,,Jonge,,,,,,,,,,,,,,,,
,knuffelt,fruitbloemen,,,aftredende,,,,,,,,,,,,,,,,
,gebouwd,voetbalwedstrijd,,,extra,,,,,,,,,,,,,,,,
,redde,eindexamenkandidaten,,,jarige,,,,,,,,,,,,,,,,
,viert,Newcastle,,,oplaadbare,,,,,,,,,,,,,,,,
,bewondert,Twente,,,gefortuneerde,,,,,,,,,,,,,,,,
,genezen,bedrijf,,,sympathieke,,,,,,,,,,,,,,,,
,schilderde,goud,,,alternatieve,,,,,,,,,,,,,,,,
,volgen,hordeloper,,,gereserveerde,,,,,,,,,,,,,,,,
,negeerde,planten,,,rijke,,,,,,,,,,,,,,,,
,deed,winnaar,,,riante,,,,,,,,,,,,,,,,
,ontdekte,roedel,,,verdwaalde,,,,,,,,,,,,,,,,
,gered,huiduitslag,,,onbekende,,,,,,,,,,,,,,,,
,won,zeilbootje,,,angstige,,,,,,,,,,,,,,,,
,maakt,personeel,,,vertrouwelijke,,,,,,,,,,,,,,,,
,geschreven,fruitbomen,,,langdurige,,,,,,,,,,,,,,,,
,zagen,veerpont,,,voorwaardelijke,,,,,,,,,,,,,,,,
,scoorde,debutant,,,gelukkige,,,,,,,,,,,,,,,,
,herkende,winst,,,biologische,,,,,,,,,,,,,,,,
,bestormd,volleybalteam,,,zwakke,,,,,,,,,,,,,,,,
,promootte,gebouw,,,economische,,,,,,,,,,,,,,,,
,had,kleindochter,,,noodzakelijke,,,,,,,,,,,,,,,,
,at,trambestuurders,,,sluwe,,,,,,,,,,,,,,,,
,verkocht,deuren,,,directe,,,,,,,,,,,,,,,,
,verzorgde,zus,,,Russische,,,,,,,,,,,,,,,,
,sprak,echtpaartje,,,eerlijk,,,,,,,,,,,,,,,,
,vernield,wielrenner,,,klinkende,,,,,,,,,,,,,,,,
,gekocht,ballerina,,,uitmuntende,,,,,,,,,,,,,,,,
,beschermt,vriendin,,,duidelijke,,,,,,,,,,,,,,,,
,maakten,buren,,,duurder,,,,,,,,,,,,,,,,
,kreeg,geschiedenisjuf,,,belangrijke,,,,,,,,,,,,,,,,
,bedacht,baby,,,bejaarde,,,,,,,,,,,,,,,,
,behaalde,jongens,,,achttiende-eeuwse,,,,,,,,,,,,,,,,
,veroorzaakten,zilver,,,uitbundige,,,,,,,,,,,,,,,,
,beschermde,leraren,,,jong,,,,,,,,,,,,,,,,
,gevoerd,vakantiegangers,,,pittoreske,,,,,,,,,,,,,,,,
,vielen,kangoeroe,,,mooiste,,,,,,,,,,,,,,,,
,beroofde,reiziger,,,opgroeiende,,,,,,,,,,,,,,,,
,kweken,resultaten,,,schorre,,,,,,,,,,,,,,,,
,beschermen,schade,,,verkouden,,,,,,,,,,,,,,,,
,beleefden,broer,,,besmettelijke,,,,,,,,,,,,,,,,
,verzamelen,buurvrouw,,,straatarme,,,,,,,,,,,,,,,,
,bekende,roeibootje,,,slechte,,,,,,,,,,,,,,,,
,bekeken,Willemijn,,,juiste,,,,,,,,,,,,,,,,
,bezocht,concert,,,watervlugge,,,,,,,,,,,,,,,,
,verstoorde,clublied,,,Spaanse,,,,,,,,,,,,,,,,
,overhandigd,forel,,,veroordeelde,,,,,,,,,,,,,,,,
,verloor,vriendje,,,Afghaanse,,,,,,,,,,,,,,,,
,gewonnen,kindje,,,trouwe,,,,,,,,,,,,,,,,
,bestelden,penalty,,,hongerige,,,,,,,,,,,,,,,,
,opende,Ariani,,,natgeregende,,,,,,,,,,,,,,,,
,verwisselden,dam,,,kersverse,,,,,,,,,,,,,,,,
,namen,leven,,,zwaarbeladen,,,,,,,,,,,,,,,,
,bevatte,voetbalvereniging,,,eigenwijze,,,,,,,,,,,,,,,,
,besprak,sportvisser,,,,,,,,,,,,,,,,,,,
,pakten,Ingeborg,,,,,,,,,,,,,,,,,,,
,erkende,keeper,,,,,,,,,,,,,,,,,,,
,liet,bevers,,,,,,,,,,,,,,,,,,,
,vallen,strandwacht,,,,,,,,,,,,,,,,,,,
,bracht,koning,,,,,,,,,,,,,,,,,,,
,trekt,uitzicht,,,,,,,,,,,,,,,,,,,
,taxeerden,vlekken,,,,,,,,,,,,,,,,,,,
,gegraven,nachtwacht,,,,,,,,,,,,,,,,,,,
,controleren,dieet,,,,,,,,,,,,,,,,,,,
,kopen,familie,,,,,,,,,,,,,,,,,,,
,overwonnen,ontdekking,,,,,,,,,,,,,,,,,,,
,gooide,vissoort,,,,,,,,,,,,,,,,,,,
,bevat,dierenambulance,,,,,,,,,,,,,,,,,,,
,georganiseerd,Elfstedentocht,,,,,,,,,,,,,,,,,,,
,aangelegd,frisdrankver,,,,,,,,,,,,,,,,,,,
,geplukt,kinderboek,,,,,,,,,,,,,,,,,,,
,geblokkeerd,haai,,,,,,,,,,,,,,,,,,,
,vermijden,doelpunt,,,,,,,,,,,,,,,,,,,
,verwijderd,Amerika,,,,,,,,,,,,,,,,,,,
,waargenomen,regeringspartij,,,,,,,,,,,,,,,,,,,
,stimuleert,schrijfster,,,,,,,,,,,,,,,,,,,
,versnelt,abonnees,,,,,,,,,,,,,,,,,,,
,graven,muisje,,,,,,,,,,,,,,,,,,,
,verveel,zonnebrillen,,,,,,,,,,,,,,,,,,,
,zondert,patiënt,,,,,,,,,,,,,,,,,,,
,gehaast,leerlingen,,,,,,,,,,,,,,,,,,,
,verstopt,bijwerkingen,,,,,,,,,,,,,,,,,,,
,vermomd,bushokje,,,,,,,,,,,,,,,,,,,
,verslapen,kookboek,,,,,,,,,,,,,,,,,,,
,misdragen,aanhangers,,,,,,,,,,,,,,,,,,,
,bezeerd,verjaardag,,,,,,,,,,,,,,,,,,,
,vergist,parachutist,,,,,,,,,,,,,,,,,,,
,gaf,crème,,,,,,,,,,,,,,,,,,,
,schenkt,eeuw,,,,,,,,,,,,,,,,,,,
,levert,topsporters,,,,,,,,,,,,,,,,,,,
,overdragen,advies,,,,,,,,,,,,,,,,,,,
,nagelaten,wetenschapper,,,,,,,,,,,,,,,,,,,
,overhandigen,bioloog,,,,,,,,,,,,,,,,,,,
,betaald,medewerkers,,,,,,,,,,,,,,,,,,,
,leende,Angenent,,,,,,,,,,,,,,,,,,,
,aanbieden,frisdrankverkoper,,,,,,,,,,,,,,,,,,,
,meedelen,Schmidt,,,,,,,,,,,,,,,,,,,
,vraagt,snorkelaars,,,,,,,,,,,,,,,,,,,
,beloven,"wonderkind,",,,,,,,,,,,,,,,,,,,
,raadt,neef,,,,,,,,,,,,,,,,,,,
,bewijst,actievoerders,,,,,,,,,,,,,,,,,,,
,leren,jongerenkrant,,,,,,,,,,,,,,,,,,,
,vertelt,uitlje,,,,,,,,,,,,,,,,,,,
,sturen,handdoeken,,,,,,,,,,,,,,,,,,,
,geven,wond,,,,,,,,,,,,,,,,,,,
,leveren,klassenleraar,,,,,,,,,,,,,,,,,,,
,nalaten,medicijnen,,,,,,,,,,,,,,,,,,,
,overhandigde,vandaal,,,,,,,,,,,,,,,,,,,
,betaalt,huid,,,,,,,,,,,,,,,,,,,
,leenden,huis,,,,,,,,,,,,,,,,,,,
,bood,huiswerk,,,,,,,,,,,,,,,,,,,
,beloofde,hobbelpaard,,,,,,,,,,,,,,,,,,,
,overgedragen,oplader,,,,,,,,,,,,,,,,,,,
,gegeven,oefenzinnen,,,,,,,,,,,,,,,,,,,
,geschonken,lesboek,,,,,,,,,,,,,,,,,,,
,beloofd,menigte,,,,,,,,,,,,,,,,,,,
,gevraagd,grootmeester,,,,,,,,,,,,,,,,,,,
,vertelde,bruidegom,,,,,,,,,,,,,,,,,,,
,aangeboden,Henk,,,,,,,,,,,,,,,,,,,
,meegedeeld,M.G.,,,,,,,,,,,,,,,,,,,
,voorgeschreven,"Balotelli,",,,,,,,,,,,,,,,,,,,
,betalen,uiltje,,,,,,,,,,,,,,,,,,,
,deelde,marktkoopman,,,,,,,,,,,,,,,,,,,
,geleend,verpleger,,,,,,,,,,,,,,,,,,,
,schonk,Zonnebrandcrème,,,,,,,,,,,,,,,,,,,
,gunde,grootvader,,,,,,,,,,,,,,,,,,,
,aangeraden,klas,,,,,,,,,,,,,,,,,,,
,betaalde,kleutertje,,,,,,,,,,,,,,,,,,,
,raadde,snoer,,,,,,,,,,,,,,,,,,,
,droeg,docent,,,,,,,,,,,,,,,,,,,
,stuurde,rijbewijs,,,,,,,,,,,,,,,,,,,
,mailde,lawine,,,,,,,,,,,,,,,,,,,
,leerde,dieren,,,,,,,,,,,,,,,,,,,
,verteld,bazin,,,,,,,,,,,,,,,,,,,
,gestuurd,leeuwen,,,,,,,,,,,,,,,,,,,
,geleerd,zebra,,,,,,,,,,,,,,,,,,,
,ontfutseld,winkels,,,,,,,,,,,,,,,,,,,
,gesteld,discussie,,,,,,,,,,,,,,,,,,,
,vroegen,elftal,,,,,,,,,,,,,,,,,,,
,geef,Rembrandt,,,,,,,,,,,,,,,,,,,
,vroeg,"Rhijn,",,,,,,,,,,,,,,,,,,,
,afgeraden,Annie,,,,,,,,,,,,,,,,,,,
,voogeschreven,Mario,,,,,,,,,,,,,,,,,,,
,,konijn,,,,,,,,,,,,,,,,,,,
,,snowboarders,,,,,,,,,,,,,,,,,,,
,,wereldnatuutfonds,,,,,,,,,,,,,,,,,,,
,,waakhond,,,,,,,,,,,,,,,,,,,
,,dochter,,,,,,,,,,,,,,,,,,,
,,bende,,,,,,,,,,,,,,,,,,,
,,aantal,,,,,,,,,,,,,,,,,,,
,,opmerking,,,,,,,,,,,,,,,,,,,
,,minister-president,,,,,,,,,,,,,,,,,,,
,,zakenroller,,,,,,,,,,,,,,,,,,,
,,portemonnee,,,,,,,,,,,,,,,,,,,
,,Thijs,,,,,,,,,,,,,,,,,,,
,,Nienke,,,,,,,,,,,,,,,,,,,
,,tomaten,,,,,,,,,,,,,,,,,,,
,,Airbags,,,,,,,,,,,,,,,,,,,
,,gordels,,,,,,,,,,,,,,,,,,,
,,passagiers,,,,,,,,,,,,,,,,,,,
,,auto,,,,,,,,,,,,,,,,,,,
,,voetballer,,,,,,,,,,,,,,,,,,,
,,preek,,,,,,,,,,,,,,,,,,,
,,scheidsrechter,,,,,,,,,,,,,,,,,,,
,,Ridder,,,,,,,,,,,,,,,,,,,
,,Tiuri,,,,,,,,,,,,,,,,,,,
,,Piak,,,,,,,,,,,,,,,,,,,
,,avonturen,,,,,,,,,,,,,,,,,,,
,,sportliefhebbers,,,,,,,,,,,,,,,,,,,
,,plaatje,,,,,,,,,,,,,,,,,,,
,,voetballers,,,,,,,,,,,,,,,,,,,
,,opening,,,,,,,,,,,,,,,,,,,
,,Spelen,,,,,,,,,,,,,,,,,,,
,,vrienden,,,,,,,,,,,,,,,,,,,
,,Boedapest,,,,,,,,,,,,,,,,,,,
,,Bratislava,,,,,,,,,,,,,,,,,,,
,,nachtrust,,,,,,,,,,,,,,,,,,,
,,sporter,,,,,,,,,,,,,,,,,,,
,,zangeres,,,,,,,,,,,,,,,,,,,
,,stem,,,,,,,,,,,,,,,,,,,
,,geduld,,,,,,,,,,,,,,,,,,,
,,winnares,,,,,,,,,,,,,,,,,,,
,,poëziewedstrijd,,,,,,,,,,,,,,,,,,,
,,publicatie,,,,,,,,,,,,,,,,,,,
,,pubers,,,,,,,,,,,,,,,,,,,
,,pizza's,,,,,,,,,,,,,,,,,,,
,,hamburger,,,,,,,,,,,,,,,,,,,
,,barbecue,,,,,,,,,,,,,,,,,,,
,,echtpaar,,,,,,,,,,,,,,,,,,,
,,bosbrand,,,,,,,,,,,,,,,,,,,
,,fotograaf,,,,,,,,,,,,,,,,,,,
,,tentoonstelling,,,,,,,,,,,,,,,,,,,
,,kleinkinderen,,,,,,,,,,,,,,,,,,,
,,encyclopedie,,,,,,,,,,,,,,,,,,,
,,"grafieken,",,,,,,,,,,,,,,,,,,,
,,tabellen,,,,,,,,,,,,,,,,,,,
,,afbeeldingen,,,,,,,,,,,,,,,,,,,
,,afdelingsleider,,,,,,,,,,,,,,,,,,,
,,eindexamenresultaten,,,,,,,,,,,,,,,,,,,
,,bouwlieden,,,,,,,,,,,,,,,,,,,
,,gereedschap,,,,,,,,,,,,,,,,,,,
,,scholier,,,,,,,,,,,,,,,,,,,
,,fout,,,,,,,,,,,,,,,,,,,
,,ober,,,,,,,,,,,,,,,,,,,
,,borden,,,,,,,,,,,,,,,,,,,
,,zeewind,,,,,,,,,,,,,,,,,,,
,,verkoeling,,,,,,,,,,,,,,,,,,,
,,mensen,,,,,,,,,,,,,,,,,,,
,,strand,,,,,,,,,,,,,,,,,,,
,,dolfijnen,,,,,,,,,,,,,,,,,,,
,,bezoekers,,,,,,,,,,,,,,,,,,,
,,Experts,,,,,,,,,,,,,,,,,,,
,,universiteit,,,,,,,,,,,,,,,,,,,
,,waarde,,,,,,,,,,,,,,,,,,,
,,schilderij,,,,,,,,,,,,,,,,,,,
,,gevangene,,,,,,,,,,,,,,,,,,,
,,tunnel,,,,,,,,,,,,,,,,,,,
,,ouders,,,,,,,,,,,,,,,,,,,
,,bloemenmarkt,,,,,,,,,,,,,,,,,,,
,,tulpen,,,,,,,,,,,,,,,,,,,
,,bloembollen,,,,,,,,,,,,,,,,,,,
,,woord,,,,,,,,,,,,,,,,,,,
,,bank,,,,,,,,,,,,,,,,,,,
,,betekenissen,,,,,,,,,,,,,,,,,,,
,,jongere,,,,,,,,,,,,,,,,,,,
,,verlegenheid,,,,,,,,,,,,,,,,,,,
,,bal,,,,,,,,,,,,,,,,,,,
,,bakje,,,,,,,,,,,,,,,,,,,
,,yoghurt,,,,,,,,,,,,,,,,,,,
,,bacteriën,,,,,,,,,,,,,,,,,,,
,,cijfers,,,,,,,,,,,,,,,,,,,
,,nieuwslezeres,,,,,,,,,,,,,,,,,,,
,,leeuwin,,,,,,,,,,,,,,,,,,,
,,verhuizers,,,,,,,,,,,,,,,,,,,
,,vaas,,,,,,,,,,,,,,,,,,,
,,leerlingenraad,,,,,,,,,,,,,,,,,,,
,,tuinmannen,,,,,,,,,,,,,,,,,,,
,,hoveniersbedrijf,,,,,,,,,,,,,,,,,,,
,,Hart,,,,,,,,,,,,,,,,,,,
,,daktuin,,,,,,,,,,,,,,,,,,,
,,medicijnman,,,,,,,,,,,,,,,,,,,
,,kruiden,,,,,,,,,,,,,,,,,,,
,,snelweg,,,,,,,,,,,,,,,,,,,
,,Prooidieren,,,,,,,,,,,,,,,,,,,
,,weides,,,,,,,,,,,,,,,,,,,
,,schuilplekken,,,,,,,,,,,,,,,,,,,
,,ongeluk,,,,,,,,,,,,,,,,,,,
,,file,,,,,,,,,,,,,,,,,,,
,,arts,,,,,,,,,,,,,,,,,,,
,,centrum,,,,,,,,,,,,,,,,,,,
,,gips,,,,,,,,,,,,,,,,,,,
,,schotels,,,,,,,,,,,,,,,,,,,
,,Rebellen,,,,,,,,,,,,,,,,,,,
,,parlementsgebouw,,,,,,,,,,,,,,,,,,,
,,katalysator,,,,,,,,,,,,,,,,,,,
,,proces,,,,,,,,,,,,,,,,,,,
,,soldaten,,,,,,,,,,,,,,,,,,,
,,kanaal,,,,,,,,,,,,,,,,,,,
,,criminelen,,,,,,,,,,,,,,,,,,,
,,overvallers,,,,,,,,,,,,,,,,,,,
,,getuige,,,,,,,,,,,,,,,,,,,
,,zoon,,,,,,,,,,,,,,,,,,,
,,loodgieter,,,,,,,,,,,,,,,,,,,
,,coach,,,,,,,,,,,,,,,,,,,
,,handtekening,,,,,,,,,,,,,,,,,,,
,,voetbalteam,,,,,,,,,,,,,,,,,,,
,,acteur,,,,,,,,,,,,,,,,,,,
,,salaris,,,,,,,,,,,,,,,,,,,
,,doel,,,,,,,,,,,,,,,,,,,
,,slager,,,,,,,,,,,,,,,,,,,
,,kwaliteitsproducten,,,,,,,,,,,,,,,,,,,
,,restaurants,,,,,,,,,,,,,,,,,,,
,,stad,,,,,,,,,,,,,,,,,,,
,,kennis,,,,,,,,,,,,,,,,,,,
,,grammatica,,,,,,,,,,,,,,,,,,,
,,spaargeld,,,,,,,,,,,,,,,,,,,
,,burgemeester,,,,,,,,,,,,,,,,,,,
,,eresleutel,,,,,,,,,,,,,,,,,,,
,,inwoner,,,,,,,,,,,,,,,,,,,
,,voorzitter,,,,,,,,,,,,,,,,,,,
,,voetbalcub,,,,,,,,,,,,,,,,,,,
,,bedrag,,,,,,,,,,,,,,,,,,,
,,stoelen,,,,,,,,,,,,,,,,,,,
,,verzamelaar,,,,,,,,,,,,,,,,,,,
,,studente,,,,,,,,,,,,,,,,,,,
,,studieboek,,,,,,,,,,,,,,,,,,,
,,Leerlingen,,,,,,,,,,,,,,,,,,,
,,basisschool,,,,,,,,,,,,,,,,,,,
,,wespennest,,,,,,,,,,,,,,,,,,,
,,geschenk,,,,,,,,,,,,,,,,,,,
,,prins,,,,,,,,,,,,,,,,,,,
,,nieuws,,,,,,,,,,,,,,,,,,,
,,mentor,,,,,,,,,,,,,,,,,,,
,,oplichter,,,,,,,,,,,,,,,,,,,
,,slachtoffers,,,,,,,,,,,,,,,,,,,
,,trouw,,,,,,,,,,,,,,,,,,,
,,verzorger,,,,,,,,,,,,,,,,,,,
,,trucje,,,,,,,,,,,,,,,,,,,
,,geheim,,,,,,,,,,,,,,,,,,,
,,briefjes,,,,,,,,,,,,,,,,,,,
,,bosje,,,,,,,,,,,,,,,,,,,
,,bloemen,,,,,,,,,,,,,,,,,,,
,,deelnemers,,,,,,,,,,,,,,,,,,,
,,Avondvierdaagse,,,,,,,,,,,,,,,,,,,
,,organisator,,,,,,,,,,,,,,,,,,,
,,estafetteloop,,,,,,,,,,,,,,,,,,,
,,jeugdcentrum,,,,,,,,,,,,,,,,,,,
,,bedrijven,,,,,,,,,,,,,,,,,,,
,,onderdelen,,,,,,,,,,,,,,,,,,,
,,fabriek,,,,,,,,,,,,,,,,,,,
,,aandoeningen,,,,,,,,,,,,,,,,,,,
,,erfenis,,,,,,,,,,,,,,,,,,,
,,huisdieren,,,,,,,,,,,,,,,,,,,
,,verkoopster,,,,,,,,,,,,,,,,,,,
,,glimlach,,,,,,,,,,,,,,,,,,,
,,tasje,,,,,,,,,,,,,,,,,,,
,,klant,,,,,,,,,,,,,,,,,,,
,,jongeman,,,,,,,,,,,,,,,,,,,
,,sproetjes,,,,,,,,,,,,,,,,,,,
,,"caissière
",,,,,,,,,,,,,,,,,,,
,,bloemist,,,,,,,,,,,,,,,,,,,
,,stel,,,,,,,,,,,,,,,,,,,
,,rozen,,,,,,,,,,,,,,,,,,,
,,dametjes,,,,,,,,,,,,,,,,,,,
,,opa,,,,,,,,,,,,,,,,,,,
,,boekenreeks,,,,,,,,,,,,,,,,,,,
,,Trom,,,,,,,,,,,,,,,,,,,
,,nichtje,,,,,,,,,,,,,,,,,,,
,,jongen,,,,,,,,,,,,,,,,,,,
,,excuses,,,,,,,,,,,,,,,,,,,
,,directeur,,,,,,,,,,,,,,,,,,,
,,autocoureur,,,,,,,,,,,,,,,,,,,
,,sponsors,,,,,,,,,,,,,,,,,,,
,,burgers,,,,,,,,,,,,,,,,,,,
,,zakkenroller,,,,,,,,,,,,,,,,,,,
,,politie,,,,,,,,,,,,,,,,,,,
,,eigenaar,,,,,,,,,,,,,,,,,,,
,,complex,,,,,,,,,,,,,,,,,,,
,,sleutel,,,,,,,,,,,,,,,,,,,
,,commentator,,,,,,,,,,,,,,,,,,,
,,complimentjes,,,,,,,,,,,,,,,,,,,
,,Multimiljonair,,,,,,,,,,,,,,,,,,,
,,Rupert,,,,,,,,,,,,,,,,,,,
,,Murdoch,,,,,,,,,,,,,,,,,,,
,,som,,,,,,,,,,,,,,,,,,,
,,geld,,,,,,,,,,,,,,,,,,,
,,doveninstituut,,,,,,,,,,,,,,,,,,,
,,Onderzoekers,,,,,,,,,,,,,,,,,,,
,,Steven,,,,,,,,,,,,,,,,,,,
,,Maarten,,,,,,,,,,,,,,,,,,,
,,boete,,,,,,,,,,,,,,,,,,,
,,school,,,,,,,,,,,,,,,,,,,
,,Ipads,,,,,,,,,,,,,,,,,,,
,,souvenirwinkel,,,,,,,,,,,,,,,,,,,
,,toeristen,,,,,,,,,,,,,,,,,,,
,,rekening,,,,,,,,,,,,,,,,,,,
,,leraar,,,,,,,,,,,,,,,,,,,
,,geschiedenis,,,,,,,,,,,,,,,,,,,
,,dorp,,,,,,,,,,,,,,,,,,,
,,rondje,,,,,,,,,,,,,,,,,,,
,,gasten,,,,,,,,,,,,,,,,,,,
,,telecombedrijf,,,,,,,,,,,,,,,,,,,
,,vertrek,,,,,,,,,,,,,,,,,,,
,,baas,,,,,,,,,,,,,,,,,,,
,,rust,,,,,,,,,,,,,,,,,,,
,,dierentuin,,,,,,,,,,,,,,,,,,,
,,geboorte,,,,,,,,,,,,,,,,,,,
,,nijlpaardje,,,,,,,,,,,,,,,,,,,
,,ministerie,,,,,,,,,,,,,,,,,,,
,,onderwijs,,,,,,,,,,,,,,,,,,,
,,schoolboeken,,,,,,,,,,,,,,,,,,,
,,voortgezet,,,,,,,,,,,,,,,,,,,
,,onderwijs,,,,,,,,,,,,,,,,,,,
,,bekeuring,,,,,,,,,,,,,,,,,,,
,,relschoppers,,,,,,,,,,,,,,,,,,,
,,privacyregels,,,,,,,,,,,,,,,,,,,
,,gebruikers,,,,,,,,,,,,,,,,,,,
,,Sint-Maarten,,,,,,,,,,,,,,,,,,,
,,helft,,,,,,,,,,,,,,,,,,,
,,cape,,,,,,,,,,,,,,,,,,,
,,hand,,,,,,,,,,,,,,,,,,,
,,ridder,,,,,,,,,,,,,,,,,,,
,,automobiliste,,,,,,,,,,,,,,,,,,,
,,politieman,,,,,,,,,,,,,,,,,,,
,,Jury,,,,,,,,,,,,,,,,,,,
,,verkoopafdeling,,,,,,,,,,,,,,,,,,,
,,klacht,,,,,,,,,,,,,,,,,,,
,,balletje,,,,,,,,,,,,,,,,,,,
,,handbalbond,,,,,,,,,,,,,,,,,,,
,,beker,,,,,,,,,,,,,,,,,,,
,,damesteam,,,,,,,,,,,,,,,,,,,
,,televisiepresentator,,,,,,,,,,,,,,,,,,,
,,plaat,,,,,,,,,,,,,,,,,,,
,,kassabon,,,,,,,,,,,,,,,,,,,
,,dader,,,,,,,,,,,,,,,,,,,
,,geweldsdelict,,,,,,,,,,,,,,,,,,,
,,schadevergoeding,,,,,,,,,,,,,,,,,,,
,,slachtoffer,,,,,,,,,,,,,,,,,,,
,,vorstin,,,,,,,,,,,,,,,,,,,
,,kroon,,,,,,,,,,,,,,,,,,,
,,schoondochter,,,,,,,,,,,,,,,,,,,
,,laboratorium,,,,,,,,,,,,,,,,,,,
,,onderzoek,,,,,,,,,,,,,,,,,,,
,,begeleider,,,,,,,,,,,,,,,,,,,
,,sterrenkijker,,,,,,,,,,,,,,,,,,,
,,ambulancebroeder,,,,,,,,,,,,,,,,,,,
,,zuurstof,,,,,,,,,,,,,,,,,,,
,,patënt,,,,,,,,,,,,,,,,,,,
,,archeoloog,,,,,,,,,,,,,,,,,,,
,,schedel,,,,,,,,,,,,,,,,,,,
,,boer,,,,,,,,,,,,,,,,,,,
,,deel,,,,,,,,,,,,,,,,,,,
,,oogst,,,,,,,,,,,,,,,,,,,
,,leenheer,,,,,,,,,,,,,,,,,,,
,,nier,,,,,,,,,,,,,,,,,,,
,,ambulancebroeders,,,,,,,,,,,,,,,,,,,
,,donorhart,,,,,,,,,,,,,,,,,,,
,,chirurgen,,,,,,,,,,,,,,,,,,,
,,tweeling,,,,,,,,,,,,,,,,,,,
,,plakjes,,,,,,,,,,,,,,,,,,,
,,cake,,,,,,,,,,,,,,,,,,,
,,kasteeltje,,,,,,,,,,,,,,,,,,,
,,sleutels,,,,,,,,,,,,,,,,,,,
,,aannemer,,,,,,,,,,,,,,,,,,,
,,batterijen,,,,,,,,,,,,,,,,,,,
,,aanwijzingen,,,,,,,,,,,,,,,,,,,
,,model,,,,,,,,,,,,,,,,,,,
,,baal,,,,,,,,,,,,,,,,,,,
,,hooi,,,,,,,,,,,,,,,,,,,
,,verzorgpony,,,,,,,,,,,,,,,,,,,
,,glas,,,,,,,,,,,,,,,,,,,
,,wijn,,,,,,,,,,,,,,,,,,,
,,stamgast,,,,,,,,,,,,,,,,,,,
,,weduwe,,,,,,,,,,,,,,,,,,,
,,landhuis,,,,,,,,,,,,,,,,,,,
,,kleinzoon,,,,,,,,,,,,,,,,,,,
,,spits,,,,,,,,,,,,,,,,,,,
,,teamgenoot,,,,,,,,,,,,,,,,,,,
,,kruidenmix,,,,,,,,,,,,,,,,,,,
,,collega,,,,,,,,,,,,,,,,,,,
,,sportfiets,,,,,,,,,,,,,,,,,,,
,,bibliothecaressse,,,,,,,,,,,,,,,,,,,
,,boeken,,,,,,,,,,,,,,,,,,,
,,boekenwurm,,,,,,,,,,,,,,,,,,,
,,voetbalclub,,,,,,,,,,,,,,,,,,,
,,opleidingsvergoeding,,,,,,,,,,,,,,,,,,,
,,amateurclub,,,,,,,,,,,,,,,,,,,
,,automibliste,,,,,,,,,,,,,,,,,,,
,,lift,,,,,,,,,,,,,,,,,,,
,,producent,,,,,,,,,,,,,,,,,,,
,,hoofdrol,,,,,,,,,,,,,,,,,,,
,,actrice,,,,,,,,,,,,,,,,,,,
,,brandweerman,,,,,,,,,,,,,,,,,,,
,,jongetje,,,,,,,,,,,,,,,,,,,
,,"circusdirecteur
",,,,,,,,,,,,,,,,,,,
,,tijgers,,,,,,,,,,,,,,,,,,,
,,wethouder,,,,,,,,,,,,,,,,,,,
,,vergaderstukken,,,,,,,,,,,,,,,,,,,
,,journalist,,,,,,,,,,,,,,,,,,,
,,fysiotherapeut,,,,,,,,,,,,,,,,,,,
,,revalidatie,,,,,,,,,,,,,,,,,,,
,,opstelling,,,,,,,,,,,,,,,,,,,
,,volleybalcoach,,,,,,,,,,,,,,,,,,,
,,periode,,,,,,,,,,,,,,,,,,,
,,aanvaller,,,,,,,,,,,,,,,,,,,
,,onderzoeksbureau,,,,,,,,,,,,,,,,,,,
,,milieurapport,,,,,,,,,,,,,,,,,,,
,,minister,,,,,,,,,,,,,,,,,,,
,,chirurg,,,,,,,,,,,,,,,,,,,
,,zorg,,,,,,,,,,,,,,,,,,,
,,rechter,,,,,,,,,,,,,,,,,,,
,,gevangenisstraf,,,,,,,,,,,,,,,,,,,
,,verdachte,,,,,,,,,,,,,,,,,,,
,,autosleutels,,,,,,,,,,,,,,,,,,,
,,nieuwslezer,,,,,,,,,,,,,,,,,,,
,,overlijdensbericht,,,,,,,,,,,,,,,,,,,
,,kijker,,,,,,,,,,,,,,,,,,,
,,aardappelen,,,,,,,,,,,,,,,,,,,
,,restaurant,,,,,,,,,,,,,,,,,,,
,,staatssecretaris,,,,,,,,,,,,,,,,,,,
,,verwachtingen,,,,,,,,,,,,,,,,,,,
,,notaris,,,,,,,,,,,,,,,,,,,
,,koopcontract,,,,,,,,,,,,,,,,,,,
,,baars,,,,,,,,,,,,,,,,,,,
,,visrestaurant,,,,,,,,,,,,,,,,,,,
,,wereldreiziger,,,,,,,,,,,,,,,,,,,
,,kaartjes,,,,,,,,,,,,,,,,,,,
,,brieven,,,,,,,,,,,,,,,,,,,
,,dochters,,,,,,,,,,,,,,,,,,,
,,coördinator,,,,,,,,,,,,,,,,,,,
,,informatie,,,,,,,,,,,,,,,,,,,
,,mentoren,,,,,,,,,,,,,,,,,,,
,,officier,,,,,,,,,,,,,,,,,,,
,,aanvalsstrategie,,,,,,,,,,,,,,,,,,,
,,eenheid,,,,,,,,,,,,,,,,,,,
,,kunstenaar,,,,,,,,,,,,,,,,,,,
,,ontwerp,,,,,,,,,,,,,,,,,,,
,,logo,,,,,,,,,,,,,,,,,,,
,,opdrachtgevers,,,,,,,,,,,,,,,,,,,
,,journalisten,,,,,,,,,,,,,,,,,,,
,,leugen,,,,,,,,,,,,,,,,,,,
,,bos,,,,,,,,,,,,,,,,,,,
,,zwemfinale,,,,,,,,,,,,,,,,,,,
,,sportbond,,,,,,,,,,,,,,,,,,,
,,fiets,,,,,,,,,,,,,,,,,,,
,,woingbouwvereniging,,,,,,,,,,,,,,,,,,,
,,badkamer,,,,,,,,,,,,,,,,,,,
,,code,,,,,,,,,,,,,,,,,,,
,,creditcard,,,,,,,,,,,,,,,,,,,
,,fortuin,,,,,,,,,,,,,,,,,,,
,,café,,,,,,,,,,,,,,,,,,,
,,lievelingscollega,,,,,,,,,,,,,,,,,,,
,,computerdeskundige,,,,,,,,,,,,,,,,,,,
,,raadsel,,,,,,,,,,,,,,,,,,,
,,bijlesleerlingen,,,,,,,,,,,,,,,,,,,
,,uitleg,,,,,,,,,,,,,,,,,,,
,,leden,,,,,,,,,,,,,,,,,,,
,,popgroep,,,,,,,,,,,,,,,,,,,
,,brommer,,,,,,,,,,,,,,,,,,,
,,roos,,,,,,,,,,,,,,,,,,,
,,Valenstijnsdag,,,,,,,,,,,,,,,,,,,
,,voetbalsupporters,,,,,,,,,,,,,,,,,,,
,,bondscoach,,,,,,,,,,,,,,,,,,,
,,overwinning,,,,,,,,,,,,,,,,,,,
,,keuzevak,,,,,,,,,,,,,,,,,,,
,,student,,,,,,,,,,,,,,,,,,,
,,overheid,,,,,,,,,,,,,,,,,,,
,,studiebeurs,,,,,,,,,,,,,,,,,,,
,,naaktmodel,,,,,,,,,,,,,,,,,,,
,,schilder,,,,,,,,,,,,,,,,,,,
,,Sinterklaas,,,,,,,,,,,,,,,,,,,
,,spelcomputer,,,,,,,,,,,,,,,,,,,
,,hotelpersoneel,,,,,,,,,,,,,,,,,,,
,,instructies,,,,,,,,,,,,,,,,,,,
,,hypotheekadviseur,,,,,,,,,,,,,,,,,,,
,,aanschaf,,,,,,,,,,,,,,,,,,,
,,wisselspeler,,,,,,,,,,,,,,,,,,,
,,A1,,,,,,,,,,,,,,,,,,,
,,taak,,,,,,,,,,,,,,,,,,,
,,pak,,,,,,,,,,,,,,,,,,,
,,melk,,,,,,,,,,,,,,,,,,,
,,winkelier,,,,,,,,,,,,,,,,,,,
,,tassen,,,,,,,,,,,,,,,,,,,
,,zwerfkatjes,,,,,,,,,,,,,,,,,,,
,,blikje,,,,,,,,,,,,,,,,,,,
,,voer,,,,,,,,,,,,,,,,,,,
,,Hartstichting,,,,,,,,,,,,,,,,,,,
,,flink,,,,,,,,,,,,,,,,,,,
,,supermarkten,,,,,,,,,,,,,,,,,,,
,,vlees,,,,,,,,,,,,,,,,,,,
,,winkeleigenaar,,,,,,,,,,,,,,,,,,,
,,dievegges,,,,,,,,,,,,,,,,,,,
,,tafel,,,,,,,,,,,,,,,,,,,
,,zeilsters,,,,,,,,,,,,,,,,,,,
,,kroonprins,,,,,,,,,,,,,,,,,,,
,,medailles,,,,,,,,,,,,,,,,,,,
,,gezin,,,,,,,,,,,,,,,,,,,
,,dorpje,,,,,,,,,,,,,,,,,,,
,,jury,,,,,,,,,,,,,,,,,,,
,,oorkonde,,,,,,,,,,,,,,,,,,,
,,Nederland,,,,,,,,,,,,,,,,,,,
,,Sporters,,,,,,,,,,,,,,,,,,,
,,voedingsdeskundige,,,,,,,,,,,,,,,,,,,
,,Ouders,,,,,,,,,,,,,,,,,,,
,,diëtiste,,,,,,,,,,,,,,,,,,,
,,voedingsmiddelen,,,,,,,,,,,,,,,,,,,
,,bejaardentehuis,,,,,,,,,,,,,,,,,,,
,,vrijwilliger,,,,,,,,,,,,,,,,,,,
,,computercursus,,,,,,,,,,,,,,,,,,,
,,kalfjes,,,,,,,,,,,,,,,,,,,
,,flesjes,,,,,,,,,,,,,,,,,,,
,,keelpastilles,,,,,,,,,,,,,,,,,,,
,,gids,,,,,,,,,,,,,,,,,,,
,,rondleiding,,,,,,,,,,,,,,,,,,,
,,Tessa,,,,,,,,,,,,,,,,,,,
,,ansichtkaart,,,,,,,,,,,,,,,,,,,
,,huisarts,,,,,,,,,,,,,,,,,,,
,,vitaminepillen,,,,,,,,,,,,,,,,,,,
,,ziekte,,,,,,,,,,,,,,,,,,,
,,mobiele,,,,,,,,,,,,,,,,,,,
,,telefoon,,,,,,,,,,,,,,,,,,,
,,inwoners,,,,,,,,,,,,,,,,,,,
,,gebied,,,,,,,,,,,,,,,,,,,
,,stichting,,,,,,,,,,,,,,,,,,,
,,waterputten,,,,,,,,,,,,,,,,,,,
,,opvolger,,,,,,,,,,,,,,,,,,,
,,rector,,,,,,,,,,,,,,,,,,,
,,verantwoordelijkheden,,,,,,,,,,,,,,,,,,,
,,leerling,,,,,,,,,,,,,,,,,,,
,,geschiedenislerares,,,,,,,,,,,,,,,,,,,
,,antwoord,,,,,,,,,,,,,,,,,,,
,,verkoper,,,,,,,,,,,,,,,,,,,
,,hardloopschoenen,,,,,,,,,,,,,,,,,,,
,,Utrecht,,,,,,,,,,,,,,,,,,,
,,sportarts,,,,,,,,,,,,,,,,,,,
,,scheenbeschermers,,,,,,,,,,,,,,,,,,,
,,vriendinnen,,,,,,,,,,,,,,,,,,,
,,verhuurder,,,,,,,,,,,,,,,,,,,
,,appartement,,,,,,,,,,,,,,,,,,,
,,rechercheur,,,,,,,,,,,,,,,,,,,
,,politieagente,,,,,,,,,,,,,,,,,,,
,,dossier,,,,,,,,,,,,,,,,,,,
,,bewakers,,,,,,,,,,,,,,,,,,,
,,gevangenis,,,,,,,,,,,,,,,,,,,
,,crimineel,,,,,,,,,,,,,,,,,,,
,,Johan,,,,,,,,,,,,,,,,,,,
,,verrassing,,,,,,,,,,,,,,,,,,,
,,dierenasiel,,,,,,,,,,,,,,,,,,,
,,dierenwinkelketen,,,,,,,,,,,,,,,,,,,
,,hondenmanden,,,,,,,,,,,,,,,,,,,
,,fietsers,,,,,,,,,,,,,,,,,,,
,,fietsverlichting,,,,,,,,,,,,,,,,,,,
,,agent,,,,,,,,,,,,,,,,,,,
,,waarschuwing,,,,,,,,,,,,,,,,,,,
,,Esther,,,,,,,,,,,,,,,,,,,
,,producten,,,,,,,,,,,,,,,,,,,
,,speler,,,,,,,,,,,,,,,,,,,
,,jeugdtoernooi,,,,,,,,,,,,,,,,,,,
,,honkbalvereniging,,,,,,,,,,,,,,,,,,,
,,hoofdstad,,,,,,,,,,,,,,,,,,,
,,museum,,,,,,,,,,,,,,,,,,,
,,collectie,,,,,,,,,,,,,,,,,,,
,,munten,,,,,,,,,,,,,,,,,,,
,,kok,,,,,,,,,,,,,,,,,,,
,,dessert,,,,,,,,,,,,,,,,,,,
,,pompoensoep,,,,,,,,,,,,,,,,,,,
,,conciërge,,,,,,,,,,,,,,,,,,,
,,voedvrouw,,,,,,,,,,,,,,,,,,,
,,boeren,,,,,,,,,,,,,,,,,,,
,,stopsignaal,,,,,,,,,,,,,,,,,,,
,,regenjas,,,,,,,,,,,,,,,,,,,